{
"name": "boxClosed",
"flags": {
	"0": { "outline": [[0.495385,0.00860053],[0.495385,-0.00562504],[0.495385,-0.0198506],[0.495385,-0.0340762],[0.492187,-0.0446904],[0.478747,-0.0402278],[0.465306,-0.0358254],[0.451902,-0.0312918],[0.43843,-0.0269584],[0.425011,-0.0223605],[0.411568,-0.0178706],[0.398128,-0.0134435],[0.384714,-0.00890762],[0.371262,-0.00444412],[0.357814,-0.000139356],[0.344453,0.00444812],[0.33098,0.0087975],[0.317598,0.0133232],[0.30418,0.0177008],[0.290997,0.0224287],[0.290878,0.0366296],[0.290879,0.0508549],[0.290892,0.0650477],[0.290883,0.0792451],[0.290878,0.0934705],[0.290878,0.107696],[0.290878,0.121922],[0.290878,0.136147],[0.290878,0.150373],[0.290822,0.164597],[0.301118,0.165053],[0.314598,0.160761],[0.327982,0.156223],[0.341242,0.151705],[0.354455,0.147093],[0.367767,0.142858],[0.381241,0.138815],[0.394637,0.134259],[0.408105,0.129909],[0.421508,0.125416],[0.434945,0.121029],[0.44841,0.116685],[0.461825,0.11217],[0.475306,0.107851],[0.488738,0.10345],[0.495385,0.093942],[0.495385,0.0797166],[0.495385,0.065491],[0.495385,0.0512654],[0.495371,0.0370399],[0.495385,0.022826]] },
	"1": { "outline": [[0.572065,0.122074],[0.585271,0.126556],[0.598731,0.130564],[0.612012,0.135277],[0.625446,0.139673],[0.638896,0.144096],[0.65233,0.148567],[0.665835,0.152912],[0.679278,0.157369],[0.692707,0.161789],[0.706128,0.16624],[0.712925,0.160751],[0.712925,0.146531],[0.712925,0.132311],[0.712925,0.118101],[0.712925,0.103881],[0.712925,0.0896614],[0.712925,0.0754415],[0.712925,0.0612215],[0.712925,0.0470015],[0.712925,0.0327816],[0.709321,0.0209494],[0.695877,0.0165467],[0.682462,0.0120194],[0.66902,0.00767095],[0.655651,0.00311233],[0.642228,-0.00133012],[0.628837,-0.00579253],[0.615412,-0.0102427],[0.602027,-0.0147776],[0.588587,-0.0190991],[0.575232,-0.0236506],[0.56181,-0.0280781],[0.548503,-0.0324399],[0.535098,-0.0368947],[0.521631,-0.0413156],[0.508499,-0.0446904],[0.508512,-0.0304735],[0.508512,-0.0162538],[0.508512,-0.00203401],[0.508512,0.0121857],[0.508512,0.0264055],[0.508507,0.0406252],[0.508509,0.0548296],[0.508512,0.0690493],[0.508512,0.0832691],[0.508496,0.0974886],[0.518386,0.104471],[0.53184,0.108861],[0.545201,0.113366],[0.558648,0.117761]] },
	"2": { "outline": [[0.446237,0.187649],[0.456835,0.184106],[0.467511,0.180489],[0.478219,0.177052],[0.488903,0.173498],[0.495347,0.16668],[0.495389,0.155387],[0.495357,0.144108],[0.495357,0.132813],[0.495357,0.121518],[0.493975,0.111661],[0.483313,0.115167],[0.472624,0.118677],[0.461915,0.122175],[0.451278,0.12577],[0.440587,0.12918],[0.429936,0.132676],[0.419309,0.136285],[0.408604,0.139728],[0.397907,0.143219],[0.387256,0.146817],[0.376595,0.150278],[0.365878,0.153744],[0.355247,0.157307],[0.344585,0.160854],[0.333913,0.164328],[0.323235,0.167865],[0.312568,0.171447],[0.301849,0.174856],[0.291146,0.178288],[0.280566,0.182012],[0.279818,0.192842],[0.27982,0.204137],[0.27982,0.215432],[0.27982,0.226726],[0.279816,0.238021],[0.286432,0.240675],[0.297086,0.237126],[0.307713,0.233506],[0.318431,0.230074],[0.329044,0.226477],[0.339703,0.222898],[0.350402,0.219446],[0.36099,0.21583],[0.37168,0.212291],[0.382331,0.208847],[0.392902,0.205077],[0.403607,0.20171],[0.414263,0.198128],[0.424944,0.194629],[0.435522,0.191103]] },
	"3": { "outline": [[0.644225,0.216417],[0.654869,0.219876],[0.665447,0.223497],[0.676116,0.226964],[0.686713,0.230565],[0.697304,0.234016],[0.707903,0.237531],[0.718518,0.241022],[0.723867,0.23665],[0.723866,0.225391],[0.723866,0.214132],[0.723866,0.202873],[0.723866,0.191614],[0.721191,0.182186],[0.710531,0.17878],[0.699917,0.17516],[0.689238,0.17171],[0.678621,0.168206],[0.667944,0.164741],[0.657363,0.161161],[0.646713,0.157681],[0.636073,0.154319],[0.625482,0.150633],[0.614774,0.147394],[0.604285,0.143806],[0.593796,0.140368],[0.583243,0.13678],[0.572593,0.133285],[0.561946,0.129854],[0.551332,0.126318],[0.540729,0.122731],[0.530071,0.119368],[0.519401,0.115933],[0.50889,0.112476],[0.508512,0.123652],[0.508512,0.134911],[0.508512,0.14617],[0.508512,0.157429],[0.508531,0.168683],[0.516775,0.17396],[0.527368,0.177525],[0.537989,0.181017],[0.548602,0.184603],[0.55922,0.188108],[0.569833,0.19167],[0.580483,0.195223],[0.591104,0.198729],[0.601727,0.20232],[0.612368,0.205749],[0.622983,0.209349],[0.63358,0.212942]] }
},