{
"name": "boxOpen",
"flags": {
	"0": { "outline": [[0.489214,0.136588],[0.494393,0.144974],[0.496235,0.140257],[0.496241,0.13037],[0.496242,0.120482],[0.496242,0.110595],[0.496242,0.100707],[0.496242,0.0908192],[0.496242,0.0809316],[0.496242,0.0710438],[0.496242,0.0611562],[0.496242,0.0512685],[0.496241,0.0413807],[0.49624,0.0315114],[0.496242,0.0216253],[0.496242,0.0117375],[0.496242,0.0018499],[0.496242,-0.00803778],[0.496242,-0.0179256],[0.496242,-0.0278133],[0.496245,-0.0377007],[0.493097,-0.0438425],[0.483735,-0.0408447],[0.474449,-0.0377001],[0.465128,-0.0345481],[0.455834,-0.0314671],[0.446471,-0.0283844],[0.437161,-0.0253037],[0.42782,-0.0221883],[0.418489,-0.0190354],[0.409151,-0.0159415],[0.399812,-0.0128318],[0.390444,-0.00977698],[0.381092,-0.00671616],[0.371754,-0.00353909],[0.362421,-0.000440836],[0.353086,0.0027407],[0.343725,0.00569637],[0.334409,0.00884633],[0.325071,0.0119407],[0.315768,0.0151641],[0.306428,0.0181275],[0.297082,0.0212203],[0.294723,0.0295261],[0.294723,0.0394136],[0.294741,0.0493007],[0.294696,0.0591631],[0.294729,0.0690484],[0.294795,0.0789165],[0.294723,0.0887995],[0.294723,0.0986872],[0.294723,0.108575],[0.294723,0.118463],[0.294723,0.12835],[0.294723,0.138238],[0.294723,0.148126],[0.294729,0.158013],[0.298938,0.16267],[0.308289,0.159646],[0.317675,0.156667],[0.326942,0.153563],[0.336145,0.150136],[0.3454,0.147087],[0.354841,0.144358],[0.364056,0.141109],[0.373352,0.138205],[0.382691,0.135173],[0.392047,0.132141],[0.401403,0.1291],[0.410711,0.125963],[0.420054,0.122884],[0.4294,0.119804],[0.438774,0.116825],[0.448116,0.113728],[0.457476,0.110617],[0.466839,0.107581],[0.473908,0.111285],[0.479004,0.119711],[0.484083,0.12816]] },
	"1": { "outline": [[0.710039,0.104887],[0.710039,0.0949952],[0.710039,0.0851032],[0.710039,0.0752112],[0.710039,0.0653191],[0.710039,0.0554271],[0.710039,0.045535],[0.710039,0.035643],[0.710071,0.0257534],[0.704078,0.0200408],[0.6948,0.0169735],[0.685444,0.0138549],[0.676128,0.010762],[0.666765,0.00768237],[0.657415,0.00459655],[0.648108,0.00141765],[0.638731,-0.00154968],[0.629407,-0.00474425],[0.620056,-0.00776052],[0.610719,-0.0109058],[0.601523,-0.0140856],[0.592167,-0.0171462],[0.582847,-0.0202127],[0.573479,-0.0232238],[0.564166,-0.0263727],[0.554837,-0.0294519],[0.545598,-0.0326772],[0.536258,-0.0357601],[0.526932,-0.0387881],[0.517596,-0.0418911],[0.50853,-0.0438425],[0.50854,-0.0339511],[0.50854,-0.0240592],[0.50854,-0.0141673],[0.50854,-0.00427546],[0.50854,0.00561643],[0.50854,0.0155083],[0.50854,0.0254002],[0.50854,0.0352921],[0.508532,0.0451838],[0.508541,0.0550693],[0.50854,0.0649612],[0.50854,0.074853],[0.508544,0.0847449],[0.50854,0.0946368],[0.50854,0.104529],[0.50854,0.114421],[0.50854,0.124312],[0.508546,0.134204],[0.508538,0.144095],[0.512354,0.141851],[0.517462,0.133418],[0.522597,0.124997],[0.527814,0.116619],[0.532876,0.108193],[0.541451,0.108763],[0.550813,0.111799],[0.56016,0.114878],[0.569499,0.117867],[0.578783,0.120942],[0.587999,0.124136],[0.597321,0.127093],[0.6067,0.13005],[0.616025,0.133263],[0.625326,0.136345],[0.634708,0.139308],[0.644037,0.142331],[0.653371,0.145493],[0.662709,0.148568],[0.672079,0.151585],[0.681416,0.154671],[0.690772,0.157732],[0.700103,0.16085],[0.709443,0.163764],[0.710036,0.154299],[0.710039,0.144407],[0.710039,0.134515],[0.710062,0.12466],[0.710032,0.114779]] },
	"2": { "outline": [[0.380824,0.145781],[0.371472,0.148841],[0.362223,0.151943],[0.352894,0.155009],[0.343547,0.157987],[0.334206,0.161082],[0.32492,0.164184],[0.315571,0.167217],[0.306217,0.170286],[0.296888,0.173326],[0.287554,0.176445],[0.278276,0.179569],[0.269009,0.182646],[0.273264,0.190949],[0.278425,0.199361],[0.283623,0.207735],[0.288796,0.216122],[0.293971,0.2245],[0.299659,0.231802],[0.308957,0.228636],[0.318244,0.225465],[0.327547,0.222312],[0.33689,0.219259],[0.346193,0.21611],[0.355473,0.212937],[0.364751,0.209758],[0.374009,0.206642],[0.383322,0.203462],[0.392634,0.200307],[0.401926,0.197155],[0.411231,0.194019],[0.42057,0.190934],[0.429893,0.187737],[0.439187,0.184608],[0.448488,0.181398],[0.457729,0.178177],[0.467049,0.175055],[0.476383,0.171962],[0.485703,0.168832],[0.494998,0.165737],[0.491541,0.157514],[0.486402,0.149094],[0.481333,0.140668],[0.476159,0.13228],[0.471071,0.123847],[0.464678,0.11821],[0.455423,0.121294],[0.446101,0.124337],[0.43678,0.127424],[0.427452,0.130484],[0.418105,0.133552],[0.408755,0.136567],[0.399459,0.139707],[0.390133,0.142794]] },
	"3": { "outline": [[0.65809,0.157008],[0.648752,0.153961],[0.639408,0.150905],[0.630084,0.147811],[0.620743,0.14476],[0.611391,0.141637],[0.602157,0.138686],[0.592854,0.135792],[0.58363,0.132512],[0.574294,0.129426],[0.564949,0.126352],[0.555557,0.123416],[0.546284,0.12027],[0.537095,0.11821],[0.532039,0.126635],[0.526896,0.135049],[0.521774,0.14345],[0.516624,0.151855],[0.51161,0.160321],[0.512814,0.166671],[0.522126,0.169844],[0.531461,0.173013],[0.540767,0.176111],[0.550073,0.179311],[0.559377,0.182423],[0.568705,0.185576],[0.578039,0.188681],[0.587315,0.191917],[0.596596,0.195098],[0.605912,0.198274],[0.615242,0.201407],[0.624537,0.204549],[0.633851,0.20753],[0.643128,0.210735],[0.652409,0.213929],[0.661701,0.217123],[0.670965,0.220302],[0.680307,0.223423],[0.689642,0.2265],[0.698929,0.229707],[0.707341,0.230136],[0.712583,0.221784],[0.717693,0.213356],[0.72292,0.204998],[0.728012,0.196553],[0.733226,0.188188],[0.732722,0.181507],[0.723447,0.178457],[0.714057,0.175515],[0.704732,0.172395],[0.695443,0.169209],[0.686078,0.166256],[0.676758,0.163193],[0.667413,0.160087]] }
},