{
"name": "keyIcon",
"flags": {
	"0": { "outline": [[0.566877,0.108869],[0.584763,0.102837],[0.599295,0.0891931],[0.613828,0.0755494],[0.628098,0.079767],[0.64207,0.0939908],[0.656112,0.108147],[0.67012,0.122336],[0.675959,0.136519],[0.65603,0.136164],[0.636093,0.135922],[0.616159,0.135654],[0.596227,0.135296],[0.576294,0.134989],[0.556355,0.134786],[0.536423,0.134447],[0.516491,0.134106],[0.507433,0.108679],[0.527024,0.109731],[0.546951,0.109299]] },
	"1": { "outline": [[0.675959,0.136519],[0.67012,0.122336],[0.686514,0.117593],[0.700966,0.103861],[0.715354,0.0900605],[0.729806,0.0763296],[0.74947,0.0755958],[0.76748,0.0803108],[0.781571,0.0944188],[0.795665,0.108524],[0.80976,0.122628],[0.815498,0.138571],[0.795566,0.13821],[0.775633,0.137905],[0.755695,0.137708],[0.735763,0.137363],[0.715831,0.137016],[0.695892,0.136827]] },
	"2": { "outline": [[0.841399,0.111915],[0.856627,0.0990988],[0.875556,0.0970583],[0.895465,0.0979207],[0.911941,0.106825],[0.926335,0.12062],[0.940719,0.134424],[0.935101,0.14028],[0.915169,0.139927],[0.89523,0.139744],[0.875297,0.139435],[0.855369,0.139072],[0.835433,0.138823],[0.815498,0.138571],[0.80976,0.122628],[0.826215,0.12479]] },
	"3": { "outline": [[0.508673,0.16019],[0.528599,0.160535],[0.548537,0.160715],[0.568471,0.160995],[0.588399,0.161323],[0.608337,0.161488],[0.628268,0.161803],[0.648198,0.162095],[0.668136,0.16228],[0.688065,0.162619],[0.708003,0.16281],[0.727935,0.163065],[0.747867,0.1634],[0.767806,0.163557],[0.787738,0.163887],[0.807667,0.164178],[0.827605,0.164363],[0.847536,0.164702],[0.867471,0.164905],[0.8874,0.165163],[0.907327,0.16549],[0.927262,0.165671],[0.947184,0.16597],[0.967112,0.166267],[0.983959,0.174352],[0.976735,0.190982],[0.962105,0.204402],[0.945319,0.214826],[0.92766,0.223623],[0.908327,0.225994],[0.8884,0.225734],[0.868464,0.225654],[0.848535,0.225405],[0.8286,0.22529],[0.808664,0.225198],[0.788739,0.224955],[0.768804,0.224852],[0.74887,0.224713],[0.728943,0.224484],[0.709007,0.224404],[0.689081,0.224172],[0.669148,0.22404],[0.649212,0.223943],[0.629287,0.223694],[0.609352,0.223602],[0.589419,0.223451],[0.56949,0.223229],[0.549554,0.223154],[0.529627,0.222905],[0.509694,0.222788]] }
},
"outline": [[0.216412,-0.0783333],[0.236336,-0.0785793],[0.256133,-0.0766391],[0.275637,-0.0731474],[0.294513,-0.067463],[0.312681,-0.059941],[0.330078,-0.0506961],[0.34655,-0.0397465],[0.362022,-0.0272743],[0.376395,-0.0134714],[0.389506,0.00151491],[0.401294,0.0174718],[0.411711,0.0342621],[0.420614,0.051886],[0.433255,0.0639458],[0.450465,0.0542851],[0.467588,0.0444459],[0.484734,0.0346571],[0.502251,0.0306427],[0.505467,0.0498482],[0.505076,0.0697829],[0.504684,0.0897177],[0.507433,0.108679],[0.527024,0.109731],[0.546951,0.109299],[0.566877,0.108869],[0.584763,0.102837],[0.599295,0.0891931],[0.613828,0.0755494],[0.628098,0.079767],[0.64207,0.0939908],[0.656112,0.108147],[0.67012,0.122336],[0.686514,0.117593],[0.700966,0.103861],[0.715354,0.0900605],[0.729806,0.0763296],[0.74947,0.0755958],[0.76748,0.0803108],[0.781571,0.0944188],[0.795665,0.108524],[0.80976,0.122628],[0.826215,0.12479],[0.841399,0.111915],[0.856627,0.0990988],[0.875556,0.0970583],[0.895465,0.0979207],[0.911941,0.106825],[0.926335,0.12062],[0.940719,0.134424],[0.935101,0.14028],[0.915169,0.139927],[0.89523,0.139744],[0.875297,0.139435],[0.855369,0.139072],[0.835433,0.138823],[0.815498,0.138571],[0.795566,0.13821],[0.775633,0.137905],[0.755695,0.137708],[0.735763,0.137363],[0.715831,0.137016],[0.695892,0.136827],[0.675959,0.136519],[0.65603,0.136164],[0.636093,0.135922],[0.616159,0.135654],[0.596227,0.135296],[0.576294,0.134989],[0.556355,0.134786],[0.536423,0.134447],[0.516491,0.134106],[0.496552,0.133911],[0.476619,0.133602],[0.457537,0.138087],[0.438742,0.143975],[0.419925,0.14984],[0.408999,0.158893],[0.42893,0.15924],[0.448869,0.159391],[0.468802,0.15971],[0.488735,0.160001],[0.508673,0.16019],[0.528599,0.160535],[0.548537,0.160715],[0.568471,0.160995],[0.588399,0.161323],[0.608337,0.161488],[0.628268,0.161803],[0.648198,0.162095],[0.668136,0.16228],[0.688065,0.162619],[0.708003,0.16281],[0.727935,0.163065],[0.747867,0.1634],[0.767806,0.163557],[0.787738,0.163887],[0.807667,0.164178],[0.827605,0.164363],[0.847536,0.164702],[0.867471,0.164905],[0.8874,0.165163],[0.907327,0.16549],[0.927262,0.165671],[0.947184,0.16597],[0.967112,0.166267],[0.983959,0.174352],[0.976735,0.190982],[0.962105,0.204402],[0.945319,0.214826],[0.92766,0.223623],[0.908327,0.225994],[0.8884,0.225734],[0.868464,0.225654],[0.848535,0.225405],[0.8286,0.22529],[0.808664,0.225198],[0.788739,0.224955],[0.768804,0.224852],[0.74887,0.224713],[0.728943,0.224484],[0.709007,0.224404],[0.689081,0.224172],[0.669148,0.22404],[0.649212,0.223943],[0.629287,0.223694],[0.609352,0.223602],[0.589419,0.223451],[0.56949,0.223229],[0.549554,0.223154],[0.529627,0.222905],[0.509694,0.222788],[0.500975,0.237474],[0.499984,0.257378],[0.498818,0.277271],[0.483833,0.286954],[0.467436,0.276333],[0.45202,0.263767],[0.436603,0.251194],[0.420236,0.249288],[0.411257,0.266804],[0.400822,0.2836],[0.388954,0.299509],[0.375745,0.314407],[0.361267,0.328091],[0.345676,0.340389],[0.329096,0.351162],[0.311616,0.360262],[0.293423,0.367735],[0.274541,0.373391],[0.25506,0.376984],[0.235229,0.378618],[0.21531,0.378213],[0.195563,0.37594],[0.176226,0.37174],[0.157448,0.365762],[0.139281,0.358156],[0.12188,0.348893],[0.105382,0.337976],[0.089912,0.32549],[0.075629,0.311597],[0.0624524,0.296676],[0.0508836,0.280585],[0.0408349,0.263591],[0.0324173,0.24585],[0.0254379,0.227458],[0.0200668,0.208471],[0.0162048,0.189049],[0.0139156,0.169302],[0.0131913,0.149392],[0.0140082,0.12949],[0.0163063,0.109744],[0.0203227,0.0903573],[0.0257947,0.0714071],[0.0328862,0.0530432],[0.041553,0.03533],[0.0514818,0.018289],[0.0630729,0.00220519],[0.0761541,-0.0128023],[0.0906322,-0.0264894],[0.106271,-0.0387542],[0.122869,-0.0495094],[0.140293,-0.0586667],[0.158475,-0.0662042],[0.177289,-0.0720679],[0.196651,-0.0761498],[0.471681,0.139583],[0.491476,0.139377],[0.511331,0.139712],[0.531185,0.140065],[0.551045,0.14028],[0.570896,0.14057],[0.590748,0.140936],[0.610607,0.141171],[0.630462,0.141417],[0.650316,0.141779],[0.670172,0.142083],[0.690033,0.142268],[0.709887,0.142629],[0.729742,0.142952],[0.749602,0.143156],[0.769454,0.143472],[0.789308,0.143828],[0.809169,0.14403],[0.829024,0.144321],[0.848878,0.144695],[0.868737,0.144938],[0.888595,0.145185],[0.908449,0.145536],[0.928304,0.14586],[0.948165,0.146067],[0.96458,0.155358],[0.957759,0.16049],[0.937905,0.160249],[0.91805,0.159895],[0.898188,0.15972],[0.878331,0.159444],[0.858478,0.159131],[0.838616,0.15897],[0.818763,0.158631],[0.798905,0.158412],[0.779049,0.15817],[0.759196,0.157826],[0.739334,0.157678],[0.719482,0.157363],[0.699628,0.157048],[0.679766,0.156898],[0.659917,0.156549],[0.640057,0.156329],[0.6202,0.156083],[0.600345,0.155742],[0.580483,0.155567],[0.560627,0.155288],[0.540778,0.154966],[0.520916,0.154815],[0.501063,0.154471],[0.481206,0.154245],[0.461351,0.154014],[0.441498,0.153676],[0.434236,0.151304],[0.452948,0.145452]],
"inputs": [[0.02,0.401,142.203],[0.0400741,0.426882,136.936],[0.0667308,0.451,127.128],[0.0992893,0.471711,117.626],[0.136667,0.487603,108.321],[0.177451,0.497593,99.1333],[0.22,0.501,90],[0.262549,0.497593,80.8668],[0.303333,0.487603,71.6787],[0.340711,0.471711,62.3737],[0.373269,0.451,52.8725],[0.399926,0.426882,43.0643],[0.42,0.401,37.7973]],
"outputs": [[0.02,-0.168,217.797],[0.0400741,-0.193882,223.064],[0.0667308,-0.218,232.872],[0.0992893,-0.238711,242.374],[0.136667,-0.254603,251.679],[0.177451,-0.264593,260.867],[0.22,-0.268,270],[0.262549,-0.264593,279.133],[0.303333,-0.254603,288.321],[0.340711,-0.238711,297.626],[0.373269,-0.218,307.127],[0.399926,-0.193882,316.936],[0.42,-0.168,322.203]],
"icon": [[0.1315,0.0615],[0.3085,0.2385]]
}